Course,Course id
Theory of Computation, COSC4030
Introductory Human Physiology, PHYS1230
Business Law, BUS2232
Course,Course id
Theory of Computation, COSC4030
Introductory Human Physiology, PHYS1230
Business Law, BUS2232
Course,Course id
Theory of Computation, COSC4030
Introductory Human Physiology, PHYS1230
Business Law, BUS2232
Course,Course id
Theory of Computation, COSC4030
Introductory Human Physiology, PHYS1230
Business Law, BUS2232
Course,Course id
Theory of Computation, COSC4030
Introductory Human Physiology, PHYS1230
Business Law, BUS2232
